country,total_cases,total_deaths,fatality_rate_%
Afghanistan,91,2,2.197802197802198
Albania,186,9,4.838709677419355
Algeria,305,21,6.885245901639345
Andorra,267,3,1.1235955056179776
Angola,4,0,0.0
Anguilla,2,0,0.0
Antigua and Barbuda,7,0,0.0
Argentina,690,117,16.956521739130434
Armenia,372,1,0.2688172043010753
Aruba,28,0,0.0
Australia,3378,13,0.3848431024274719
Austria,7697,68,0.883461088735871
Azerbaijan,165,3,1.8181818181818181
Bahamas,9,0,0.0
Bahrain,466,4,0.8583690987124464
Bangladesh,48,5,10.416666666666668
Barbados,24,0,0.0
Belarus,94,0,0.0
Belgium,7284,289,3.9676002196595275
Belize,2,0,0.0
Benin,6,0,0.0
Bermuda,17,0,0.0
Bhutan,3,0,0.0
Bolivia,74,0,0.0
Bosnia and Herzegovina,229,3,1.3100436681222707
Brazil,3417,92,2.692420251682763
British Virgin Islands,2,0,0.0
Brunei,115,0,0.0
Bulgaria,293,3,1.023890784982935
Burkina Faso,146,3,2.054794520547945
Cambodia,102,0,0.0
Cameroon,88,1,1.1363636363636365
Canada,4689,53,1.130304969076562
Cape Verde,5,1,20.0
Cayman Islands,8,1,12.5
Central African Republic,5,0,0.0
Chad,5,0,0.0
Chile,1610,5,0.3105590062111801
China,82213,3301,4.0151800810090865
Colombia,539,6,1.1131725417439702
Congo,4,0,0.0
Costa Rica,263,2,0.7604562737642585
Cote d'Ivoire,101,0,0.0
Croatia,586,3,0.5119453924914675
Cuba,80,2,2.5
Curacao,8,1,12.5
Cyprus,162,5,3.0864197530864197
Czech Republic,2279,9,0.39491004826678366
Democratic Republic of Congo,58,4,6.896551724137931
Denmark,2046,52,2.541544477028348
Djibouti,13,0,0.0
Dominica,11,0,0.0
Dominican Republic,581,20,3.4423407917383817
Ecuador,1627,41,2.519975414874001
Egypt,495,24,4.848484848484849
El Salvador,13,0,0.0
Equatorial Guinea,13,0,0.0
Eritrea,6,0,0.0
Estonia,575,1,0.17391304347826086
Ethiopia,16,0,0.0
Faeroe Islands,144,0,0.0
Fiji,5,0,0.0
Finland,1025,7,0.6829268292682927
France,32964,1995,6.052056789224609
French Polynesia,30,0,0.0
Gabon,7,1,14.285714285714285
Gambia,3,1,33.33333333333333
Georgia,81,0,0.0
Germany,48582,325,0.6689720472603021
Ghana,137,3,2.18978102189781
Gibraltar,55,0,0.0
Greece,966,28,2.898550724637681
Greenland,9,0,0.0
Grenada,7,0,0.0
Guam,51,1,1.9607843137254901
Guatemala,32,1,3.125
Guernsey,36,0,0.0
Guinea,5,0,0.0
Guinea-Bissau,2,0,0.0
Guyana,5,1,20.0
Haiti,8,0,0.0
Honduras,95,1,1.0526315789473684
Hungary,343,11,3.206997084548105
Iceland,890,2,0.22471910112359553
India,873,19,2.176403207331042
Indonesia,1046,87,8.317399617590821
International,705,7,0.9929078014184398
Iran,32332,2378,7.35494247185451
Iraq,458,40,8.73362445414847
Ireland,2121,22,1.0372465818010372
Isle of Man,29,0,0.0
Israel,3035,10,0.3294892915980231
Italy,86498,9136,10.562093921246735
Jamaica,26,1,3.8461538461538463
Japan,1499,49,3.268845897264843
Jersey,52,1,1.9230769230769231
Jordan,212,0,0.0
Kazakhstan,193,0,0.0
Kenya,31,1,3.225806451612903
Kosovo,86,1,1.1627906976744187
Kuwait,225,0,0.0
Kyrgyzstan,58,0,0.0
Laos,6,0,0.0
Latvia,280,0,0.0
Lebanon,391,7,1.7902813299232736
Liberia,3,0,0.0
Libya,1,0,0.0
Liechtenstein,60,0,0.0
Lithuania,358,5,1.3966480446927374
Luxembourg,1605,15,0.9345794392523363
Macedonia,219,3,1.36986301369863
Madagascar,24,0,0.0
Malaysia,2161,26,1.203146691346599
Maldives,14,0,0.0
Mali,4,0,0.0
Malta,139,0,0.0
Mauritania,3,0,0.0
Mauritius,94,2,2.127659574468085
Mexico,717,12,1.6736401673640167
Moldova,199,2,1.0050251256281406
Monaco,42,0,0.0
Mongolia,11,0,0.0
Montenegro,75,1,1.3333333333333335
Montserrat,5,0,0.0
Morocco,345,23,6.666666666666667
Mozambique,7,0,0.0
Myanmar,5,0,0.0
Namibia,8,0,0.0
Nepal,3,0,0.0
Netherlands,8603,546,6.346623270951994
New Caledonia,15,0,0.0
New Zealand,416,0,0.0
Nicaragua,2,1,50.0
Niger,10,1,10.0
Nigeria,81,1,1.2345679012345678
Norway,3581,16,0.4468025691147724
Oman,131,0,0.0
Pakistan,1197,9,0.7518796992481203
Palestine,91,1,1.098901098901099
Panama,786,14,1.7811704834605597
Papua New Guinea,1,0,0.0
Paraguay,56,3,5.357142857142857
Peru,635,11,1.7322834645669292
Philippines,803,54,6.724782067247821
Poland,1389,16,1.1519078473722102
Portugal,4268,76,1.7806935332708531
Puerto Rico,64,2,3.125
Qatar,562,0,0.0
Romania,1292,24,1.8575851393188854
Russia,1036,4,0.3861003861003861
Rwanda,54,0,0.0
Saint Kitts and Nevis,2,0,0.0
Saint Lucia,3,0,0.0
Saint Vincent and the Grenadines,1,0,0.0
San Marino,223,21,9.417040358744394
Saudi Arabia,1104,3,0.2717391304347826
Senegal,119,0,0.0
Serbia,457,6,1.312910284463895
Seychelles,7,0,0.0
Singapore,732,2,0.273224043715847
Sint Maarten (Dutch part),3,0,0.0
Slovakia,295,0,0.0
Slovenia,632,9,1.4240506329113924
Somalia,3,0,0.0
South Africa,1170,2,0.17094017094017094
South Korea,9478,144,1.519307870858831
Spain,64059,4858,7.583633837556003
Sri Lanka,106,0,0.0
Sudan,3,1,33.33333333333333
Suriname,8,0,0.0
Swaziland,9,0,0.0
Sweden,3046,92,3.020354563361786
Switzerland,12104,197,1.6275611368142762
Syria,5,0,0.0
Taiwan,267,2,0.7490636704119851
Tanzania,13,0,0.0
Thailand,1136,5,0.44014084507042256
Timor,1,0,0.0
Togo,25,1,4.0
Trinidad and Tobago,66,2,3.0303030303030303
Tunisia,227,6,2.643171806167401
Turkey,5698,92,1.6146016146016147
Turks and Caicos Islands,2,0,0.0
Uganda,14,0,0.0
Ukraine,218,5,2.293577981651376
United Arab Emirates,405,2,0.49382716049382713
United Kingdom,14543,759,5.219005707213093
United States,104686,1707,1.6305905278642798
United States Virgin Islands,19,0,0.0
Uruguay,238,0,0.0
Uzbekistan,104,0,0.0
Vatican,5,0,0.0
Venezuela,119,1,0.8403361344537815
Vietnam,169,0,0.0
Zambia,16,0,0.0
Zimbabwe,5,1,20.0
