date,new_cases,new_deaths,total_cases,total_deaths,growth_rate_%,global_fatality_rate_%
2019-12-31,27,0,27,0,,0.0
2020-01-01,0,0,27,0,0.0,0.0
2020-01-02,0,0,27,0,0.0,0.0
2020-01-03,17,0,44,0,62.962962962962955,0.0
2020-01-04,0,0,44,0,0.0,0.0
2020-01-05,15,0,59,0,34.09090909090908,0.0
2020-01-06,0,0,59,0,0.0,0.0
2020-01-07,0,0,59,0,0.0,0.0
2020-01-08,0,0,59,0,0.0,0.0
2020-01-09,0,0,59,0,0.0,0.0
2020-01-10,0,0,59,0,0.0,0.0
2020-01-11,0,1,59,1,0.0,1.694915254237288
2020-01-12,0,0,59,1,0.0,1.694915254237288
2020-01-13,1,0,60,1,1.6949152542372836,1.6666666666666667
2020-01-14,0,0,60,1,0.0,1.6666666666666667
2020-01-15,1,1,61,2,1.6666666666666607,3.278688524590164
2020-01-16,0,0,61,2,0.0,3.278688524590164
2020-01-17,5,0,66,2,8.196721311475418,3.0303030303030303
2020-01-18,17,0,83,2,25.757575757575758,2.4096385542168677
2020-01-19,136,1,219,3,163.85542168674698,1.36986301369863
2020-01-20,20,0,239,3,9.1324200913242,1.2552301255230125
2020-01-21,153,3,392,6,64.01673640167364,1.530612244897959
2020-01-22,142,11,534,17,36.224489795918366,3.1835205992509366
2020-01-23,97,0,631,17,18.16479400749065,2.694136291600634
2020-01-24,266,9,897,26,42.15530903328051,2.898550724637681
2020-01-25,453,15,1350,41,50.501672240802684,3.037037037037037
2020-01-26,673,15,2023,56,49.85185185185186,2.768166089965398
2020-01-27,797,25,2820,81,39.396935244686105,2.872340425531915
2020-01-28,1767,25,4587,106,62.6595744680851,2.3108785698713756
2020-01-29,1480,26,6067,132,32.26509701329845,2.1757046316136477
2020-01-30,1756,38,7823,170,28.943464644799732,2.1730793813115175
2020-01-31,2003,43,9826,213,25.603988239805698,2.167718298392021
2020-02-01,2120,46,11946,259,21.575412171789132,2.1680897371505106
2020-02-02,2608,46,14554,305,21.83157542273564,2.0956438092620586
2020-02-03,2818,57,17372,362,19.36237460491961,2.083813032466037
2020-02-04,3243,65,20615,427,18.66797144830763,2.071307300509338
2020-02-05,3907,66,24522,493,18.95221925782198,2.0104396052524263
2020-02-06,3751,72,28273,565,15.296468477285696,1.9983730060481733
2020-02-07,3218,73,31491,638,11.381883776040747,2.025975675589851
2020-02-08,3442,86,34933,724,10.930107014702607,2.072538860103627
2020-02-09,2619,89,37552,813,7.497208942833433,2.1649978696207923
2020-02-10,2988,97,40540,910,7.956966340008531,2.2446965959546126
2020-02-11,2565,108,43105,1018,6.327084361124813,2.3616749797007306
2020-02-12,2072,97,45177,1115,4.80686695278969,2.468070035637603
2020-02-13,15151,255,60328,1370,33.53697678022003,2.270918976263095
2020-02-14,4215,13,64543,1383,6.9868054634663945,2.142757541483972
2020-02-15,2560,144,67103,1527,3.966348016051313,2.2756061576978674
2020-02-16,2162,142,69265,1669,3.221912582149833,2.4095863711831376
2020-02-17,2067,106,71332,1775,2.9841911499314255,2.488364268491
2020-02-18,1995,98,73327,1873,2.796781248247626,2.5543115087212076
2020-02-19,1864,139,75191,2012,2.5420377214395717,2.675852163157825
2020-02-20,532,116,75723,2128,0.7075314864811055,2.81024259472023
2020-02-21,996,119,76719,2247,1.3153203121904822,2.928870292887029
2020-02-22,1085,112,77804,2359,1.4142520105840717,3.0319777903449694
2020-02-23,1008,104,78812,2463,1.2955632101177228,3.1251586052885347
2020-02-24,527,156,79339,2619,0.6686798964624652,3.3010247167219147
2020-02-25,793,79,80132,2698,0.9995084384728736,3.366944541506514
2020-02-26,863,64,80995,2762,1.0769729945589779,3.410087042410025
2020-02-27,1106,38,82101,2800,1.3655163899006117,3.410433490456876
2020-02-28,1264,57,83365,2857,1.539567118549101,3.427097702872908
2020-02-29,1838,64,85203,2921,2.2047621903676706,3.428283041676936
2020-03-01,1821,58,87024,2979,2.137248688426463,3.42319360176503
2020-03-02,2044,67,89068,3046,2.3487773487773422,3.4198589841469436
2020-03-03,1596,72,89724,3109,0.7365159204203442,3.465070661138603
2020-03-04,2413,84,92174,3194,2.730596050109213,3.4651854102024435
2020-03-05,2239,80,94382,3274,2.395469438236386,3.4688817783051857
2020-03-06,2856,103,97350,3377,3.1446674153970067,3.468926553672316
2020-03-07,3961,103,101207,3480,3.961992809450443,3.438497337140712
2020-03-08,3691,97,104872,3578,3.6212910174197477,3.411778167671066
2020-03-09,3871,229,108727,3807,3.675909680372258,3.501430187533915
2020-03-10,4537,209,113832,4014,4.695245891085009,3.526249209361164
2020-03-11,4378,269,117776,4285,3.4647550776583103,3.638262464339084
2020-03-12,6887,326,124622,4610,5.812729248743387,3.6991863394906197
2020-03-13,8355,351,132658,4960,6.44829965816629,3.7389377195495186
2020-03-14,9375,438,142145,5397,7.151472206727072,3.796827183509796
2020-03-15,8140,354,150564,5752,5.9228252840409334,3.8203023299062195
2020-03-16,16051,746,166686,6500,10.707738901729492,3.8995476524723136
2020-03-17,12745,596,179447,7096,7.655711937415255,3.9543709284635575
2020-03-18,14750,789,194209,7885,8.226384392048903,4.060059008593835
2020-03-19,18345,951,212554,8836,9.446009196278226,4.1570612644316265
2020-03-20,29214,1041,241772,9877,13.746153918533643,4.085253875552173
2020-03-21,28769,1367,270536,11244,11.897159307115789,4.156193630422568
2020-03-22,34029,1690,304565,12934,12.578362953544065,4.246712524420074
2020-03-23,33028,1660,337593,14594,10.844318946694465,4.3229569333487365
2020-03-24,39815,1764,377415,16358,11.795860696163718,4.334220950412675
2020-03-25,38948,2200,416358,18558,10.318349827113394,4.457221909990921
2020-03-26,50868,2423,467233,20981,12.219051873627972,4.490479054347617
2020-03-27,60090,2684,527323,23665,12.860821046458625,4.487761770300176
2020-03-28,63952,3418,591275,27083,12.127671275480111,4.58044057333728
